State,Account_length,Area_code,International_plan,Voicemail_plan,Number_vmail_messages,Total_day_minutes,Total_day_calls,Total_day_charge,Total_eve_minutes,Total_eve_calls,Total_eve_charge,Total_night_minutes,Total_night_calls,Total_night_charge,Total_intl_minutes,Total_intl_calls,Total_intl_charge,Customer_service_calls,Churn
UT,116,415,No,Yes,24,232.9,90,39.59,152.1,94,12.93,344.3,82,15.49,10.7,6,2.89,1,FALSE
LA,69,415,No,Yes,37,155.0,98,26.35,142.4,105,12.1,143.7,117,6.47,5.9,4,1.59,1,FALSE
ID,135,510,No,No,0,154.4,130,26.25,203.8,90,17.32,158.7,59,7.14,11.8,3,3.19,0,FALSE
KY,73,510,No,No,0,234.7,102,39.9,195.7,110,16.63,253.4,71,11.4,8.4,8,2.27,2,FALSE
MI,48,415,No,No,0,240.0,88,40.8,141.0,117,11.99,128.9,137,5.8,7.1,9,1.92,1,FALSE
NH,125,415,Yes,No,0,298.4,78,50.73,270.5,142,22.99,107.3,84,4.83,12.2,2,3.29,0,TRUE
WV,100,415,No,No,0,166.0,102,28.22,236.1,97,20.07,134.3,93,6.04,10.9,4,2.94,1,FALSE
SD,64,415,No,No,0,174.5,98,29.67,180.2,103,15.32,179.0,89,8.06,10.7,2,2.89,2,FALSE
MD,116,510,Yes,Yes,27,175.5,137,29.84,210.6,60,17.9,294.8,121,13.27,6.9,5,1.86,1,FALSE
ND,147,408,Yes,Yes,35,157.5,109,26.78,189.6,67,16.12,227.0,76,10.22,11.1,2,3.0,3,TRUE
MO,84,415,No,Yes,35,207.5,138,35.28,201.0,116,17.09,164.5,107,7.4,7.5,16,2.03,4,FALSE
IL,86,510,No,Yes,16,144.8,105,24.62,206.2,111,17.53,255.4,117,11.49,11.6,2,3.13,4,FALSE
UT,134,415,No,No,0,258.8,85,44.0,129.5,114,11.01,193.6,106,8.71,10.9,7,2.94,2,FALSE
MI,105,415,No,No,0,226.9,106,38.57,182.2,77,15.49,203.9,107,9.18,11.6,2,3.13,0,TRUE
AR,88,408,No,No,0,152.9,119,25.99,171.2,107,14.55,257.0,106,11.57,12.0,5,3.24,2,FALSE
AK,86,408,No,No,0,150.8,85,25.64,295.9,88,25.15,247.2,104,11.12,12.5,1,3.38,1,FALSE
NH,141,415,No,Yes,32,322.4,92,54.81,283.2,107,24.07,209.5,111,9.43,6.7,3,1.81,1,TRUE
NM,148,408,No,No,0,153.6,148,26.11,262.1,87,22.28,225.5,99,10.15,9.8,3,2.65,2,FALSE
MN,163,408,No,Yes,22,215.1,91,36.57,138.9,102,11.81,146.2,109,6.58,12.4,2,3.35,2,FALSE
IA,89,415,No,Yes,35,174.4,108,29.65,196.7,100,16.72,127.4,74,5.73,11.8,3,3.19,1,FALSE
RI,63,415,No,No,0,180.5,126,30.69,230.0,98,19.55,232.5,73,10.46,10.6,3,2.86,0,FALSE
AL,102,415,No,No,0,123.1,106,20.93,182.0,102,15.47,244.6,75,11.01,12.6,7,3.4,2,FALSE
SD,104,408,No,No,0,200.2,92,34.03,118.7,87,10.09,236.6,65,10.65,6.0,6,1.62,2,FALSE
MT,63,415,No,Yes,33,184.2,111,31.31,312.6,89,26.57,264.0,55,11.88,12.2,4,3.29,1,FALSE
KY,105,415,No,Yes,24,274.7,99,46.7,193.5,118,16.45,299.6,109,13.48,10.8,3,2.92,3,FALSE
DC,68,415,Yes,Yes,39,142.0,140,24.14,241.6,89,20.54,302.0,72,13.59,11.3,5,3.05,1,FALSE
CO,63,408,Yes,Yes,21,151.5,99,25.76,147.8,89,12.56,210.4,114,9.47,10.0,4,2.7,1,FALSE
KS,91,408,Yes,No,0,246.4,110,41.89,182.0,98,15.47,157.6,106,7.09,12.1,2,3.27,2,TRUE
NC,101,415,No,No,0,232.7,114,39.56,186.4,123,15.84,153.3,122,6.9,11.5,6,3.11,5,FALSE
SC,116,408,No,No,0,288.0,120,48.96,255.8,90,21.74,233.4,99,10.5,13.4,4,3.62,0,TRUE
CO,131,415,No,Yes,23,170.8,145,29.04,236.7,93,20.12,294.5,100,13.25,12.7,1,3.43,1,FALSE
MN,84,415,No,No,0,216.1,114,36.74,197.5,107,16.79,217.8,104,9.8,9.8,3,2.65,1,FALSE
WY,104,415,No,No,0,138.7,100,23.58,215.4,58,18.31,164.3,98,7.39,4.9,4,1.32,2,FALSE
FL,108,510,No,No,0,210.7,112,35.82,238.7,73,20.29,253.6,90,11.41,9.2,5,2.48,3,FALSE
NY,111,415,No,No,0,181.8,117,30.91,158.1,91,13.44,266.2,123,11.98,9.7,9,2.62,0,FALSE
OK,155,408,No,Yes,30,61.6,103,10.47,255.1,110,21.68,225.9,96,10.17,12.4,5,3.35,1,FALSE
ME,66,510,No,No,0,207.7,85,35.31,196.7,112,16.72,261.7,83,11.78,6.8,3,1.84,1,FALSE
NE,64,510,No,No,0,219.2,73,37.26,167.0,65,14.2,161.4,119,7.26,10.0,5,2.7,1,FALSE
OH,69,415,No,No,0,227.0,122,38.59,258.7,111,21.99,169.7,87,7.64,8.9,1,2.4,2,FALSE
DC,101,415,No,No,0,257.3,84,43.74,184.8,115,15.71,108.9,109,4.9,13.5,7,3.65,0,FALSE
OK,15,415,No,No,0,121.1,130,20.59,216.0,86,18.36,235.1,33,10.58,16.1,5,4.35,2,FALSE
NJ,88,415,No,No,0,301.5,136,51.26,257.7,72,21.9,132.9,118,5.98,13.4,2,3.62,4,TRUE
IA,197,415,No,No,0,233.9,96,39.76,218.9,111,18.61,182.9,109,8.23,9.5,3,2.57,0,FALSE
VA,50,415,Yes,No,0,99.6,108,16.93,308.7,102,26.24,161.2,62,7.25,13.7,6,3.7,2,TRUE
VA,172,510,No,No,0,169.8,123,28.87,183.1,94,15.56,395.0,72,17.77,12.7,7,3.43,2,FALSE
NM,188,415,Yes,Yes,26,198.8,115,33.8,166.6,67,14.16,198.5,118,8.93,14.4,3,3.89,1,TRUE
FL,85,408,Yes,No,0,116.2,86,19.75,229.7,127,19.52,204.2,109,9.19,10.1,3,2.73,3,FALSE
RI,103,510,Yes,No,0,255.9,128,43.5,140.9,92,11.98,308.9,130,13.9,12.1,2,3.27,1,TRUE
NJ,136,408,No,Yes,27,187.7,84,31.91,221.0,147,18.79,145.7,110,6.56,10.0,4,2.7,3,FALSE
NE,155,408,No,Yes,21,195.9,91,33.3,213.9,84,18.18,88.2,111,3.97,8.6,4,2.32,0,FALSE
WV,145,415,No,No,0,129.4,97,22.0,185.4,101,15.76,204.7,106,9.21,1.1,2,0.3,2,FALSE
WY,116,510,No,Yes,12,221.0,108,37.57,151.0,118,12.84,179.0,80,8.06,9.0,6,2.43,2,FALSE
SC,152,408,No,No,0,140.5,92,23.89,186.8,96,15.88,227.0,89,10.22,9.5,5,2.57,2,FALSE
MS,65,415,Yes,No,0,277.9,123,47.24,155.8,112,13.24,256.9,71,11.56,9.2,10,2.48,0,TRUE
ND,180,415,No,No,0,224.9,105,38.23,250.0,101,21.25,216.1,73,9.72,6.7,5,1.81,3,TRUE
IL,67,415,No,No,0,109.1,117,18.55,217.4,124,18.48,188.4,141,8.48,12.8,6,3.46,0,FALSE
OR,60,415,No,No,0,207.8,109,35.33,123.5,112,10.5,291.6,115,13.12,5.7,9,1.54,0,FALSE
IA,44,415,No,No,0,308.6,139,52.46,150.8,94,12.82,198.7,66,8.94,7.3,3,1.97,4,TRUE
ME,25,510,No,No,0,242.6,69,41.24,209.0,117,17.77,219.7,82,9.89,14.4,6,3.89,2,FALSE
WY,145,408,No,No,0,229.6,82,39.03,138.1,103,11.74,250.8,109,11.29,3.3,3,0.89,1,FALSE
WI,122,510,No,Yes,28,166.0,62,28.22,233.9,88,19.88,170.1,84,7.65,7.7,3,2.08,2,FALSE
SC,121,415,No,No,0,144.8,126,24.62,200.6,82,17.05,208.8,81,9.4,13.3,9,3.59,0,TRUE
DC,55,510,Yes,No,0,106.1,77,18.04,123.5,100,10.5,96.4,92,4.34,12.9,3,3.48,0,FALSE
CT,77,415,No,No,0,221.8,84,37.71,166.0,125,14.11,210.2,72,9.46,13.2,4,3.56,1,FALSE
OR,12,415,No,No,0,204.6,98,34.78,212.5,90,18.06,182.1,95,8.19,9.8,7,2.65,2,FALSE
OR,64,510,No,No,0,213.5,93,36.3,166.6,114,14.16,122.0,78,5.49,14.1,3,3.81,3,FALSE
NV,92,415,No,Yes,44,152.0,95,25.84,274.9,73,23.37,162.4,121,7.31,10.0,1,2.7,2,FALSE
MN,125,415,Yes,Yes,29,260.8,81,44.34,163.7,112,13.91,271.7,117,12.23,17.0,6,4.59,1,TRUE
OK,160,408,No,No,0,166.4,117,28.29,317.0,129,26.95,160.4,121,7.22,10.0,2,2.7,1,FALSE
KS,79,415,No,No,0,177.9,83,30.24,167.3,84,14.22,223.7,142,10.07,15.2,8,4.1,0,FALSE
RI,36,415,No,No,0,235.1,97,39.97,196.8,104,16.73,259.7,110,11.69,7.0,7,1.89,3,FALSE
IL,138,408,Yes,No,0,268.4,81,45.63,174.4,115,14.82,193.5,96,8.71,11.6,4,3.13,1,FALSE
WI,72,408,No,No,0,179.9,113,30.58,149.8,112,12.73,168.2,79,7.57,9.8,7,2.65,2,FALSE
MI,74,415,No,No,0,314.1,86,53.4,222.4,99,18.9,259.0,121,11.66,12.3,5,3.32,3,TRUE
MI,134,415,No,Yes,41,162.0,82,27.54,324.7,77,27.6,160.1,112,7.2,11.9,5,3.21,0,FALSE
MA,145,415,No,No,0,175.8,89,29.89,274.3,119,23.32,226.6,69,10.2,12.4,4,3.35,1,FALSE
AL,136,510,No,No,0,109.4,91,18.6,207.5,111,17.64,135.0,107,6.08,11.6,5,3.13,0,FALSE
WI,66,415,Yes,No,0,208.7,84,35.48,173.3,88,14.73,264.7,107,11.91,8.3,3,2.24,3,FALSE
VT,152,510,No,Yes,20,214.6,108,36.48,96.6,82,8.21,170.7,145,7.68,7.9,5,2.13,1,FALSE
CT,162,408,No,No,0,49.2,121,8.36,143.9,136,12.23,203.0,97,9.14,12.1,13,3.27,1,FALSE
OR,72,510,No,No,0,141.3,133,24.02,134.9,96,11.47,227.5,97,10.24,11.2,3,3.02,2,FALSE
HI,101,415,No,No,0,253.2,89,43.04,237.9,114,20.22,154.3,85,6.94,9.7,7,2.62,4,FALSE
WV,125,415,No,No,0,206.0,128,35.02,198.1,71,16.84,135.9,116,6.12,13.2,3,3.56,0,FALSE
RI,46,408,No,No,0,40.4,105,6.87,172.4,83,14.65,145.1,89,6.53,9.0,2,2.43,2,FALSE
MI,132,408,No,No,0,291.2,104,49.5,234.2,132,19.91,191.7,87,8.63,8.9,3,2.4,1,TRUE
ME,193,415,No,Yes,31,71.2,58,12.1,124.7,105,10.6,155.5,108,7.0,11.7,3,3.16,0,FALSE
WV,63,510,No,No,0,261.8,69,44.51,245.0,135,20.83,202.1,94,9.09,14.7,4,3.97,0,TRUE
NE,124,510,No,No,0,191.3,134,32.52,261.5,113,22.23,182.3,111,8.2,10.0,3,2.7,1,FALSE
DC,144,415,No,No,0,133.3,101,22.66,255.5,127,21.72,228.6,68,10.29,11.6,2,3.13,0,FALSE
NH,97,408,No,Yes,28,283.1,93,48.13,185.4,98,15.76,312.8,78,14.08,6.1,8,1.65,1,FALSE
WV,137,510,No,Yes,50,186.5,94,31.71,178.0,106,15.13,215.6,100,9.7,12.1,4,3.27,2,FALSE
IL,142,415,No,Yes,38,163.3,104,27.76,136.0,114,11.56,249.1,127,11.21,4.3,6,1.16,0,FALSE
NH,119,415,No,Yes,19,178.1,110,30.28,212.8,100,18.09,226.3,123,10.18,10.0,6,2.7,1,FALSE
MI,158,415,No,No,0,195.9,103,33.3,89.1,95,7.57,302.2,82,13.6,10.3,3,2.78,1,FALSE
ND,50,415,No,No,0,295.3,127,50.2,127.4,100,10.83,166.8,105,7.51,9.6,6,2.59,1,FALSE
LA,98,408,No,No,0,136.1,82,23.14,156.3,118,13.29,158.8,83,7.15,10.1,5,2.73,2,FALSE
HI,101,415,No,Yes,24,114.1,95,19.4,161.5,86,13.73,176.3,90,7.93,13.0,9,3.51,2,FALSE
WV,51,408,No,No,0,169.3,111,28.78,139.5,69,11.86,197.0,87,8.87,12.0,3,3.24,0,FALSE
NC,117,510,No,No,0,214.4,94,36.45,138.0,149,11.73,148.7,102,6.69,9.9,1,2.67,2,FALSE
PA,92,415,Yes,No,0,255.8,125,43.49,142.7,111,12.13,181.2,101,8.15,11.7,3,3.16,0,FALSE
MI,86,408,No,No,0,148.2,71,25.19,285.1,91,24.23,166.4,155,7.49,6.2,3,1.67,2,FALSE
WY,122,415,No,No,0,119.3,93,20.28,223.9,103,19.03,211.9,122,9.54,8.7,4,2.35,2,FALSE
NJ,156,408,No,Yes,27,192.3,137,32.69,199.9,115,16.99,244.2,112,10.99,14.8,8,4.0,1,FALSE
NJ,127,510,No,No,0,245.2,91,41.68,217.2,92,18.46,243.1,128,10.94,13.9,6,3.75,0,TRUE
NC,130,408,Yes,No,0,216.2,106,36.75,363.7,86,30.91,126.7,123,5.7,16.9,2,4.56,5,TRUE
NM,158,408,No,No,0,172.4,114,29.31,256.6,69,21.81,235.3,104,10.59,0.0,0,0.0,2,FALSE
MS,145,510,Yes,Yes,30,175.3,107,29.8,153.3,116,13.03,233.6,85,10.51,11.1,3,3.0,1,FALSE
TX,90,415,Yes,Yes,26,169.0,104,28.73,188.8,104,16.05,213.3,76,9.6,13.3,3,3.59,0,TRUE
OK,127,510,No,Yes,27,2.6,113,0.44,254.0,102,21.59,242.7,156,10.92,9.2,5,2.48,3,FALSE
ID,109,415,No,No,0,184.1,143,31.3,211.7,105,17.99,243.0,116,10.93,9.9,2,2.67,1,FALSE
AL,88,415,No,No,0,181.9,90,30.92,151.5,87,12.88,143.0,100,6.44,7.5,3,2.03,1,FALSE
WY,101,510,No,Yes,9,160.1,116,27.22,210.0,121,17.85,139.1,65,6.26,10.8,9,2.92,0,FALSE
VA,21,415,No,No,0,223.2,142,37.94,216.5,114,18.4,214.7,111,9.66,12.4,2,3.35,1,FALSE
WV,145,408,No,Yes,31,216.0,94,36.72,225.1,123,19.13,234.7,109,10.56,10.7,1,2.89,2,FALSE
CA,33,408,No,No,0,159.5,115,27.12,195.4,118,16.61,102.4,86,4.61,7.1,7,1.92,1,FALSE
PA,61,408,No,Yes,40,105.0,78,17.85,180.6,100,15.35,174.1,115,7.83,10.2,2,2.75,2,TRUE
CO,107,415,No,No,0,204.5,108,34.77,162.4,110,13.8,155.0,102,6.98,13.4,1,3.62,3,FALSE
MD,147,408,No,No,0,274.0,92,46.58,231.8,82,19.7,283.6,83,12.76,6.2,1,1.67,0,TRUE
AL,95,415,No,No,0,229.9,116,39.08,202.4,110,17.2,171.4,105,7.71,14.2,6,3.83,1,FALSE
MI,128,415,No,No,0,179.4,94,30.5,270.4,92,22.98,191.0,88,8.59,7.9,4,2.13,0,FALSE
OH,134,415,No,No,0,7.8,86,1.33,171.4,100,14.57,186.5,80,8.39,12.9,2,3.48,2,FALSE
IN,96,415,No,Yes,23,183.1,88,31.13,147.4,89,12.53,350.2,108,15.76,11.3,7,3.05,1,FALSE
SC,107,415,No,No,0,206.9,79,35.17,262.4,117,22.3,149.3,69,6.72,10.7,3,2.89,0,FALSE
KS,123,415,No,No,0,140.0,106,23.8,153.7,101,13.06,50.1,87,2.25,12.5,1,3.38,2,FALSE
OK,35,415,No,No,0,179.2,59,30.46,283.3,101,24.08,285.4,83,12.84,5.8,7,1.57,2,FALSE
IL,137,408,Yes,No,0,237.3,103,40.34,176.7,84,15.02,263.4,81,11.85,14.2,4,3.83,0,TRUE
TN,88,415,No,No,0,181.5,116,30.86,187.0,119,15.9,220.3,96,9.91,10.5,7,2.84,1,FALSE
NC,116,408,No,Yes,19,155.7,104,26.47,185.4,118,15.76,192.7,116,8.67,8.2,2,2.21,3,FALSE
RI,123,510,No,Yes,23,245.0,88,41.65,265.0,105,22.53,239.7,108,10.79,14.9,3,4.02,2,FALSE
VA,146,415,Yes,No,0,111.1,126,18.89,313.4,95,26.64,215.7,82,9.71,10.5,6,2.84,1,FALSE
KY,106,510,No,Yes,9,88.5,100,15.05,324.8,109,27.61,79.9,86,3.6,8.2,4,2.21,3,FALSE
NV,121,408,No,Yes,44,116.0,85,19.72,150.1,120,12.76,246.8,98,11.11,12.0,2,3.24,1,FALSE
WI,137,510,No,No,0,155.5,81,26.44,133.1,94,11.31,253.1,77,11.39,9.1,2,2.46,1,FALSE
NE,67,510,No,Yes,31,175.2,68,29.78,199.2,73,16.93,219.8,99,9.89,13.2,6,3.56,1,FALSE
WI,161,408,No,No,0,154.7,84,26.3,177.8,125,15.11,172.9,90,7.78,5.9,2,1.59,4,TRUE
ME,62,415,Yes,Yes,32,218.4,93,37.13,236.7,132,20.12,192.2,137,8.65,13.2,3,3.56,0,TRUE
WY,120,415,No,Yes,24,227.5,81,38.68,234.9,71,19.97,166.4,128,7.49,9.0,13,2.43,1,FALSE
IN,130,408,No,Yes,30,185.0,117,31.45,249.5,141,21.21,157.8,103,7.1,7.4,7,2.0,0,FALSE
WI,20,408,No,No,0,186.8,89,31.76,253.4,51,21.54,273.1,105,12.29,12.3,6,3.32,2,FALSE
CA,112,415,No,No,0,208.7,150,35.48,212.8,104,18.09,178.1,98,8.01,8.5,4,2.3,0,FALSE
IN,77,408,No,No,0,185.9,95,31.6,212.0,98,18.02,282.3,81,12.7,11.3,4,3.05,3,FALSE
SC,109,415,No,No,0,222.5,74,37.83,169.7,75,14.42,264.3,94,11.89,9.0,3,2.43,2,FALSE
IN,108,415,No,No,0,201.1,101,34.19,170.7,86,14.51,237.4,113,10.68,11.6,3,3.13,3,FALSE
IA,79,415,No,Yes,17,167.9,114,28.54,243.7,93,20.71,211.9,114,9.54,9.1,2,2.46,1,FALSE
MN,38,510,No,No,0,175.7,109,29.87,211.8,97,18.0,137.9,109,6.21,9.2,3,2.48,5,TRUE
AR,109,415,No,Yes,29,111.2,90,18.9,263.5,98,22.4,224.7,128,10.11,9.0,6,2.43,6,TRUE
MS,78,415,No,No,0,87.7,74,14.91,214.8,58,18.26,201.3,147,9.06,10.8,6,2.92,1,FALSE
MN,134,415,No,No,0,244.1,99,41.5,246.9,111,20.99,200.0,133,9.0,7.2,2,1.94,0,FALSE
WA,47,415,No,Yes,27,165.0,89,28.05,127.3,118,10.82,284.4,95,12.8,7.7,4,2.08,2,FALSE
MS,59,408,No,Yes,27,127.4,110,21.66,103.3,99,8.78,164.2,73,7.39,9.1,3,2.46,0,FALSE
ID,151,415,No,No,0,194.8,106,33.12,292.7,103,24.88,224.6,82,10.11,5.5,3,1.49,0,FALSE
NC,129,415,No,No,0,54.7,131,9.3,256.1,105,21.77,176.6,135,7.95,11.1,4,3.0,1,FALSE
VA,107,510,No,Yes,27,283.4,104,48.18,224.1,152,19.05,241.3,63,10.86,14.4,7,3.89,2,FALSE
MT,137,408,Yes,No,0,258.0,112,43.86,246.5,117,20.95,173.2,100,7.79,10.9,3,2.94,0,TRUE
MI,76,510,No,No,0,90.5,142,15.39,211.7,75,17.99,194.9,76,8.77,9.3,2,2.51,1,FALSE
HI,24,415,No,No,0,235.6,132,40.05,115.9,129,9.85,185.4,136,8.34,16.2,2,4.37,0,FALSE
NC,169,408,No,No,0,142.5,82,24.23,231.4,110,19.67,131.2,67,5.9,10.0,4,2.7,2,FALSE
MN,30,408,No,No,0,54.0,68,9.18,179.3,96,15.24,247.2,101,11.12,10.2,8,2.75,1,FALSE
WV,70,415,No,No,0,214.8,87,36.52,131.0,114,11.14,216.9,104,9.76,9.4,3,2.54,3,FALSE
SD,52,510,Yes,No,0,251.4,118,42.74,196.6,80,16.71,192.0,53,8.64,11.0,2,2.97,0,TRUE
HI,3,408,No,No,0,139.0,99,23.63,250.7,108,21.31,286.2,87,12.88,6.1,3,1.65,4,FALSE
MS,38,415,No,No,0,117.3,114,19.94,208.7,105,17.74,203.4,98,9.15,14.4,2,3.89,2,FALSE
NY,104,415,No,No,0,264.0,108,44.88,132.2,75,11.24,177.7,91,8.0,10.6,8,2.86,3,FALSE
LA,27,408,No,No,0,82.6,105,14.04,204.0,99,17.34,224.2,122,10.09,9.1,4,2.46,1,FALSE
MA,13,408,No,No,0,220.4,100,37.47,211.2,79,17.95,259.3,112,11.67,13.6,8,3.67,2,FALSE
AK,52,408,No,No,0,217.0,104,36.89,152.3,83,12.95,134.3,109,6.04,11.8,4,3.19,2,FALSE
SD,114,415,No,Yes,25,129.0,77,21.93,290.0,110,24.65,177.1,110,7.97,11.6,5,3.13,1,FALSE
CO,156,408,No,No,0,150.5,106,25.59,152.9,112,13.0,215.9,86,9.72,3.5,3,0.95,1,FALSE
WV,62,415,No,No,0,189.5,122,32.22,103.8,95,8.82,180.6,106,8.13,10.8,5,2.92,2,FALSE
ME,52,510,No,No,0,129.3,80,21.98,142.7,101,12.13,258.3,89,11.62,12.3,4,3.32,3,FALSE
NH,146,510,No,No,0,115.6,77,19.65,213.6,100,18.16,218.4,72,9.83,10.7,6,2.89,1,FALSE
RI,120,415,No,Yes,23,221.9,114,37.72,254.7,84,21.65,250.5,117,11.27,7.2,5,1.94,2,FALSE
WI,90,408,No,No,0,61.3,91,10.42,194.4,94,16.52,143.1,80,6.44,11.4,9,3.08,1,FALSE
NM,147,408,Yes,No,0,183.8,113,31.25,164.7,110,14.0,111.0,87,5.0,10.1,4,2.73,1,FALSE
WY,159,415,No,No,0,167.4,68,28.46,143.8,74,12.22,140.1,111,6.3,10.3,3,2.78,0,TRUE
IL,74,510,No,Yes,27,154.1,122,26.2,195.3,150,16.6,276.7,86,12.45,13.2,2,3.56,4,FALSE
MI,87,415,No,No,0,198.3,80,33.71,187.0,89,15.9,133.5,96,6.01,16.6,4,4.48,2,FALSE
VA,99,510,No,No,0,128.3,78,21.81,215.3,120,18.3,143.7,140,6.47,14.3,9,3.86,2,FALSE
SD,131,510,No,No,0,187.9,110,31.94,200.5,101,17.04,202.6,125,9.12,10.2,11,2.75,2,FALSE
AL,89,510,No,No,0,129.2,71,21.96,214.1,68,18.2,214.9,100,9.67,10.3,4,2.78,5,TRUE
MS,123,415,Yes,No,0,125.5,106,21.34,128.9,96,10.96,251.9,129,11.34,6.3,6,1.7,4,TRUE
MS,130,510,No,Yes,26,257.2,108,43.72,224.3,122,19.07,204.0,118,9.18,12.6,4,3.4,1,FALSE
HI,99,415,No,No,0,124.6,90,21.18,146.4,70,12.44,169.4,95,7.62,10.5,6,2.84,1,FALSE
WV,36,408,No,No,0,175.1,144,29.77,216.9,69,18.44,243.7,146,10.97,9.9,3,2.67,1,FALSE
WV,87,415,No,No,0,124.3,91,21.13,173.4,105,14.74,256.3,109,11.53,7.5,5,2.03,3,FALSE
WV,139,415,No,No,0,271.6,130,46.17,156.0,131,13.26,136.3,108,6.13,11.6,9,3.13,2,FALSE
IN,189,510,No,No,0,219.9,80,37.38,143.3,117,12.18,130.6,69,5.88,11.7,7,3.16,1,FALSE
NM,96,415,No,Yes,33,183.3,115,31.16,201.4,87,17.12,177.4,84,7.98,10.4,15,2.81,3,FALSE
DE,112,408,No,No,0,101.1,119,17.19,214.4,67,18.22,179.5,112,8.08,10.3,5,2.78,2,FALSE
NJ,108,415,No,Yes,41,171.6,110,29.17,136.1,78,11.57,183.4,103,8.25,10.8,7,2.92,0,FALSE
RI,121,510,No,Yes,20,211.9,110,36.02,215.1,120,18.28,238.5,107,10.73,9.4,2,2.54,0,FALSE
SD,116,415,No,No,0,63.7,101,10.83,195.8,95,16.64,210.1,87,9.45,10.0,6,2.7,1,FALSE
NH,161,415,No,No,0,173.4,100,29.48,213.7,74,18.16,141.5,69,6.37,11.5,4,3.11,1,FALSE
AL,19,415,Yes,No,0,237.7,98,40.41,207.1,121,17.6,182.2,95,8.2,4.5,4,1.22,0,FALSE
ID,119,415,Yes,Yes,32,173.0,101,29.41,209.4,93,17.8,231.1,91,10.4,12.2,4,3.29,0,FALSE
MD,125,415,No,No,0,224.9,102,38.23,143.8,87,12.22,198.9,105,8.95,8.0,2,2.16,0,FALSE
IN,156,510,No,No,0,237.7,122,40.41,181.5,91,15.43,185.7,151,8.36,7.7,4,2.08,1,FALSE
WY,109,415,No,No,0,137.0,128,23.29,217.0,116,18.45,182.1,86,8.19,10.0,5,2.7,2,FALSE
NH,95,510,No,No,0,142.5,109,24.23,176.1,107,14.97,189.6,88,8.53,8.2,3,2.21,2,FALSE
MN,90,408,No,No,0,142.4,126,24.21,126.2,118,10.73,274.2,71,12.34,4.6,4,1.24,1,FALSE
MA,105,415,No,Yes,21,147.0,112,24.99,197.3,43,16.77,267.4,93,12.03,8.7,3,2.35,2,FALSE
NH,101,510,No,No,0,220.3,124,37.45,188.6,101,16.03,278.4,98,12.53,10.6,4,2.86,1,FALSE
MN,95,415,No,No,0,149.2,96,25.36,260.7,116,22.16,201.0,120,9.05,8.1,2,2.19,1,FALSE
IA,123,415,No,No,0,204.4,88,34.75,137.5,111,11.69,226.0,100,10.17,10.0,4,2.7,0,FALSE
AL,141,510,No,Yes,28,308.0,123,52.36,247.8,128,21.06,152.9,103,6.88,7.4,3,2.0,1,FALSE
CA,75,415,No,Yes,19,210.3,90,35.75,241.8,87,20.55,215.7,102,9.71,13.1,3,3.54,4,FALSE
MA,126,408,No,Yes,24,58.9,125,10.01,305.5,90,25.97,158.9,73,7.15,12.1,6,3.27,0,FALSE
FL,153,415,No,No,0,228.9,102,38.91,160.7,136,13.66,203.1,109,9.14,12.5,2,3.38,0,FALSE
NH,97,408,No,Yes,32,90.0,87,15.3,276.3,113,23.49,185.2,107,8.33,8.6,6,2.32,2,TRUE
IN,115,408,No,No,0,146.7,128,24.94,106.2,74,9.03,197.7,104,8.9,11.1,4,3.0,2,FALSE
MA,17,415,Yes,No,0,162.8,118,27.68,229.6,91,19.52,332.7,94,14.97,13.6,3,3.67,0,TRUE
NH,105,415,No,Yes,20,186.9,114,31.77,256.3,91,21.79,334.7,104,15.06,8.9,2,2.4,1,FALSE
TX,121,415,No,No,0,86.1,100,14.64,259.8,113,22.08,148.0,79,6.66,9.1,9,2.46,2,FALSE
NC,125,408,No,No,0,212.3,89,36.09,215.4,127,18.31,186.8,73,8.41,11.3,2,3.05,2,FALSE
CT,124,415,No,No,0,151.0,98,25.67,120.6,119,10.25,152.8,81,6.88,9.2,2,2.48,2,FALSE
LA,123,510,No,Yes,32,212.3,77,36.09,251.5,78,21.38,208.7,85,9.39,6.6,2,1.78,3,FALSE
NV,124,415,No,No,0,234.4,61,39.85,179.3,111,15.24,285.5,117,12.85,10.4,6,2.81,3,FALSE
WV,133,510,No,No,0,176.8,92,30.06,187.5,97,15.94,196.8,88,8.86,6.5,3,1.76,2,FALSE
SC,1,415,No,Yes,26,146.6,68,24.92,172.8,67,14.69,173.8,113,7.82,10.0,2,2.7,1,FALSE
KS,107,415,No,No,0,260.5,108,44.29,102.4,110,8.7,129.7,148,5.84,9.8,5,2.65,1,FALSE
NY,91,415,No,Yes,20,146.1,98,24.84,277.4,104,23.58,137.7,100,6.2,6.2,3,1.67,1,FALSE
MI,178,408,Yes,No,0,124.5,134,21.17,141.2,78,12.0,268.2,113,12.07,11.4,2,3.08,2,TRUE
MA,123,415,No,No,0,209.4,49,35.6,237.4,117,20.18,239.2,98,10.76,9.8,11,2.65,1,FALSE
UT,170,415,No,No,0,285.7,44,48.57,167.5,144,14.24,260.0,97,11.7,8.7,4,2.35,1,TRUE
HI,135,415,No,No,0,190.9,44,32.45,161.4,109,13.72,231.9,100,10.44,8.4,2,2.27,1,FALSE
OR,134,415,No,Yes,50,208.8,130,35.5,132.9,104,11.3,136.7,107,6.15,11.1,4,3.0,2,FALSE
CT,93,415,No,No,0,271.1,101,46.09,237.4,133,20.18,145.4,103,6.54,8.4,6,2.27,1,TRUE
AZ,138,415,No,No,0,240.8,104,40.94,144.5,92,12.28,125.7,98,5.66,11.6,1,3.13,0,FALSE
OR,159,510,No,No,0,114.8,98,19.52,192.6,101,16.37,259.0,108,11.66,12.2,5,3.29,0,FALSE
DE,103,415,No,Yes,34,138.8,80,23.6,142.0,108,12.07,183.8,77,8.27,11.8,7,3.19,1,FALSE
MA,150,408,No,Yes,27,209.8,112,35.67,155.0,80,13.18,251.5,111,11.32,7.2,6,1.94,0,FALSE
CT,37,408,No,No,0,134.9,98,22.93,248.4,130,21.11,236.2,113,10.63,14.7,2,3.97,3,FALSE
AR,33,415,Yes,No,0,164.0,99,27.88,153.1,102,13.01,123.8,104,5.57,6.4,4,1.73,0,FALSE
SD,55,415,No,No,0,245.5,130,41.74,192.7,54,16.38,141.7,83,6.38,9.1,4,2.46,1,FALSE
CT,107,408,No,No,0,90.7,90,15.42,207.5,109,17.64,169.4,96,7.62,5.6,5,1.51,2,FALSE
MS,78,408,No,No,0,108.6,108,18.46,209.9,126,17.84,222.6,117,10.02,7.9,5,2.13,1,TRUE
MT,85,408,No,Yes,17,89.8,88,15.27,233.2,75,19.82,165.7,116,7.46,9.3,7,2.51,4,TRUE
AK,61,415,No,Yes,15,252.4,106,42.91,187.8,69,15.96,259.6,137,11.68,10.0,3,2.7,2,FALSE
DE,97,415,No,Yes,32,183.4,94,31.18,269.1,120,22.87,203.5,38,9.16,6.7,4,1.81,5,FALSE
OH,136,408,Yes,No,0,183.4,103,31.18,141.9,113,12.06,200.4,122,9.02,10.4,9,2.81,2,FALSE
MN,135,408,No,No,0,155.2,100,26.38,135.9,84,11.55,184.6,82,8.31,3.8,9,1.03,3,FALSE
CA,87,415,No,Yes,19,165.8,122,28.19,186.9,89,15.89,249.7,78,11.24,0.0,0,0.0,1,FALSE
NV,148,415,No,No,0,279.3,104,47.48,201.6,87,17.14,280.8,99,12.64,7.9,2,2.13,2,TRUE
SC,99,415,No,No,0,174.1,102,29.6,99.1,118,8.42,211.6,126,9.52,7.7,2,2.08,2,FALSE
WV,123,415,No,No,0,175.7,78,29.87,184.6,96,15.69,156.9,92,7.06,9.1,2,2.46,2,FALSE
NM,127,415,Yes,No,0,256.5,87,43.61,222.1,101,18.88,156.7,122,7.05,13.0,3,3.51,1,FALSE
WY,151,415,No,No,0,170.2,89,28.93,187.5,83,15.94,119.5,100,5.38,4.3,3,1.16,0,FALSE
CA,185,408,No,No,0,139.6,92,23.73,250.2,115,21.27,158.1,79,7.11,10.8,4,2.92,1,FALSE
WY,58,510,No,No,0,210.1,126,35.72,248.9,108,21.16,158.6,88,7.14,14.4,2,3.89,4,FALSE
MA,58,408,No,No,0,174.4,112,29.65,265.8,122,22.59,182.4,87,8.21,0.0,0,0.0,4,FALSE
UT,108,415,No,No,0,210.6,117,35.8,164.2,103,13.96,201.4,68,9.06,9.4,5,2.54,0,FALSE
MN,132,510,No,No,0,121.5,88,20.66,253.0,124,21.51,195.7,120,8.81,10.7,4,2.89,1,FALSE
NE,80,415,No,No,0,127.8,67,21.73,181.6,112,15.44,197.3,63,8.88,15.9,2,4.29,2,FALSE
KY,110,510,No,No,0,99.4,62,16.9,275.0,86,23.38,212.1,94,9.54,16.7,3,4.51,2,FALSE
NY,168,408,No,No,0,163.4,134,27.78,240.1,87,20.41,164.0,147,7.38,11.6,2,3.13,2,TRUE
CO,125,408,No,Yes,23,120.5,104,20.49,227.8,115,19.36,158.5,100,7.13,10.2,3,2.75,1,FALSE
DC,170,510,No,No,0,184.1,106,31.3,204.9,70,17.42,224.3,133,10.09,9.8,3,2.65,2,FALSE
AK,71,510,No,No,0,185.0,84,31.45,232.5,129,19.76,191.1,82,8.6,14.9,4,4.02,3,FALSE
SC,124,415,No,No,0,160.9,109,27.35,144.2,152,12.26,120.4,97,5.42,12.9,12,3.48,1,FALSE
KS,68,415,No,No,0,207.6,68,35.29,251.6,123,21.39,191.6,100,8.62,10.9,6,2.94,2,FALSE
UT,97,415,No,No,0,209.2,134,35.56,0.0,0,0.0,175.4,94,7.89,11.8,6,3.19,1,FALSE
IL,98,510,Yes,No,0,158.4,71,26.93,306.6,66,26.06,144.2,93,6.49,2.1,4,0.57,1,FALSE
DC,24,408,No,No,0,149.0,73,25.33,131.0,81,11.14,238.6,69,10.74,8.6,3,2.32,2,TRUE
DC,136,510,No,No,0,204.5,63,34.77,208.8,95,17.75,224.0,119,10.08,9.8,2,2.65,0,FALSE
OK,44,408,No,No,0,288.8,86,49.1,175.9,87,14.95,215.4,106,9.69,9.5,2,2.57,0,TRUE
KY,96,415,No,Yes,40,108.6,90,18.46,206.4,154,17.54,126.3,118,5.68,13.4,4,3.62,0,FALSE
HI,24,415,No,No,0,156.2,104,26.55,90.0,101,7.65,205.1,116,9.23,7.3,5,1.97,1,FALSE
SC,112,415,No,Yes,31,225.2,89,38.28,256.8,117,21.83,249.7,87,11.24,11.5,1,3.11,4,FALSE
GA,117,415,Yes,No,0,287.4,118,48.86,259.6,84,22.07,153.2,86,6.89,10.0,3,2.7,1,TRUE
KS,137,415,No,Yes,19,175.3,96,29.8,241.3,146,20.51,211.4,109,9.51,7.8,2,2.11,0,FALSE
UT,95,415,No,No,0,157.9,103,26.84,259.6,90,22.07,230.0,117,10.35,14.0,2,3.78,0,FALSE
ND,145,415,No,No,0,245.8,116,41.79,286.7,91,24.37,240.7,115,10.83,9.0,13,2.43,1,TRUE
KY,56,415,Yes,No,0,177.7,114,30.21,215.6,110,18.33,236.7,67,10.65,10.5,5,2.84,1,FALSE
OH,133,408,No,No,0,117.8,100,20.03,199.2,105,16.93,244.1,119,10.98,11.8,4,3.19,0,TRUE
TX,53,415,No,No,0,119.7,113,20.35,189.7,84,16.12,256.2,108,11.53,12.9,7,3.48,2,FALSE
WY,123,415,No,No,0,242.2,87,41.17,226.1,101,19.22,268.6,121,12.09,8.2,3,2.21,5,TRUE
WV,62,408,No,No,0,128.7,111,21.88,169.5,104,14.41,193.6,97,8.71,10.3,5,2.78,1,FALSE
MI,55,415,No,Yes,20,207.7,91,35.31,199.7,113,16.97,216.5,110,9.74,7.3,1,1.97,1,FALSE
NY,125,415,No,No,0,233.3,65,39.66,209.8,93,17.83,210.6,109,9.48,9.1,4,2.46,1,FALSE
TX,1,415,No,No,0,182.1,106,30.96,134.9,106,11.47,152.3,75,6.85,10.0,3,2.7,5,TRUE
KY,98,415,No,Yes,36,168.0,81,28.56,163.2,125,13.87,172.7,120,7.77,8.0,2,2.16,6,TRUE
SD,105,415,No,No,0,251.6,88,42.77,175.1,103,14.88,184.4,112,8.3,5.4,5,1.46,1,FALSE
OR,99,408,No,No,0,256.4,44,43.59,214.5,105,18.23,233.7,75,10.52,7.9,1,2.13,3,TRUE
WV,177,408,No,No,0,227.8,81,38.73,161.8,97,13.75,217.0,106,9.76,8.0,5,2.16,1,FALSE
CT,160,415,No,No,0,234.9,136,39.93,270.8,134,23.02,219.3,101,9.87,13.9,2,3.75,1,TRUE
ND,90,415,No,Yes,22,124.5,94,21.17,231.7,90,19.69,222.2,108,10.0,6.4,12,1.73,1,FALSE
MI,148,415,Yes,No,0,233.5,81,39.7,187.7,71,15.95,122.3,97,5.5,9.6,2,2.59,0,TRUE
MT,147,415,No,Yes,35,197.3,134,33.54,141.1,99,11.99,212.1,90,9.54,10.1,4,2.73,2,TRUE
WV,80,415,No,No,0,151.5,89,25.76,131.7,78,11.19,235.3,131,10.59,11.8,4,3.19,0,FALSE
AR,122,415,Yes,No,0,146.3,117,24.87,218.7,93,18.59,236.0,97,10.62,11.5,5,3.11,1,FALSE
MT,132,408,No,No,0,195.1,100,33.17,148.8,95,12.65,224.5,117,10.1,6.7,2,1.81,0,FALSE
UT,83,510,No,No,0,208.9,71,35.51,214.8,92,18.26,247.9,108,11.16,13.0,5,3.51,1,FALSE
HI,99,408,No,No,0,135.7,107,23.07,208.4,103,17.71,209.0,95,9.4,8.8,3,2.38,7,TRUE
KS,84,415,No,No,0,225.9,86,38.4,275.6,105,23.43,201.4,108,9.06,14.3,3,3.86,3,TRUE
NY,46,415,No,No,0,122.2,67,20.77,167.2,62,14.21,194.8,98,8.77,9.7,6,2.62,1,FALSE
OH,87,510,No,No,0,153.3,106,26.06,224.5,117,19.08,273.4,152,12.3,8.9,5,2.4,2,FALSE
KS,73,408,No,No,0,194.8,112,33.12,167.2,85,14.21,100.3,61,4.51,10.8,6,2.92,1,FALSE
IN,7,415,No,No,0,206.7,87,35.14,281.1,83,23.89,158.5,77,7.13,11.0,5,2.97,3,FALSE
OR,89,415,No,Yes,12,188.0,105,31.96,151.3,107,12.86,201.9,132,9.09,10.5,3,2.84,2,FALSE
NY,131,408,Yes,No,0,122.3,83,20.79,118.8,94,10.1,147.9,95,6.66,13.7,3,3.7,3,TRUE